subm_id,comm_id,sentence,structure
t3_g47edo,t1_fnw2vme,The article is just as misleading and inaccurate.,article is misleading
t3_g47edo,t1_fnw2poy,It's bullshit that they are lumping all those numbers in.,It 's bullshit
t3_g470di,t1_fnvub7z,"bullshit..

",bullshit
t3_g45r03,t1_fnvhfyx,And it's complete bullshit.,it 's bullshit
t3_g41npm,t1_fnuwacs,Bullshit.,Bullshit
t3_g40ift,t1_fnup9b6,"Look like Fox News bullshit to me

",Look like bullshit
t3_g40ift,t1_fnup9b6,"(Yah, looks like bullshit to me too)

",looks like bullshit
t3_g40ift,t1_fnup9b6,"Oh)

Feel like bullshit?

",Feel like bullshit
t3_g40ift,t1_fnup9b6,"(Yah, feel like bullshit)

",feel like bullshit
t3_g40ift,t1_fnup9b6,"Smell like bullshit?

",Smell like bullshit
t3_g40ift,t1_fnup9b6,"(It smell like Fox News bullshit)

",It smell like bullshit
t3_g40ccn,t1_fnunorz,It's all BS.,It 's BS
t3_g3zexn,t1_fnumpx3,Lol bullshit,bullshit
t3_g3y4ik,t1_fnu6u35,What self-prententious bullshit.  ,bullshit
t3_g3xsrw,t1_fnu5bib,Tin foil hat bullshit.,bullshit
t3_g3vsvi,t1_fntr4ah,Confederate flags and a bunch of Charlottesville bullshit all over them.,bullshit
t3_g3vpxl,t1_fnu7b3j,Caption misleading.,misleading
t3_g3vbrj,t1_fntoiko,"Fake news
4.",fake news
t3_g3ujpn,t1_fntsne3,Fake news.,fake news
t3_g3rua4,t1_fnt7g1c,"As someone whos income is supported by rentals, this is BS.",this is BS
t3_g3rp9y,t1_fnt0pmq,"False news, its 5G the Illuminati and engineered by ancient aliens",false news
t3_g3r92i,t1_fnsy3cl,The headline is misleading.,headline is misleading
t3_g3qrsw,t1_fnsui32,Title is misleading.,Title is misleading
t3_g3q2eb,t1_fnsrapz,"While it is true this means the fatality rate is lower than thought, it is misleading to mention that without also pointing out that it is far more contagious.

",it is misleading
t3_g3pxza,t1_fnsup1u,This feels misleading.,This feels misleading
t3_g3ok7x,t1_fnskl9e,*Bullshit!,Bullshit
t3_g3oh5x,t1_fnsgjii,"Misleading title, but knowing the mods they won't take this down unless it's about bashing the CCP.",misleading title
t3_g3oh5x,t1_fnsg0g2,Misleading title is misleading.,title is misleading
t3_g3niq7,t1_fnscr6a,Fake news if it's fox news...,fake news
t3_g3lvs0,t1_fns1cfb,The headline is totally misleading.,headline is misleading
t3_g3k299,t1_fnrsmut,What a misleading title.  ,misleading title
t3_g3ia6h,t1_fnrg7ow,This is a horrifically misleading post title my dude,This is misleading title
t3_g3hrgd,t1_fnrcxkd,Title is misleading.,Title is misleading
t3_g3gzbu,t1_fnr9ovr,This article is total bullshit.,article is bullshit
t3_g3gv7w,t1_fnr8355,Bullshit.,Bullshit
t3_g3coql,t1_fnqp6hr,Bullshit!,Bullshit
t3_g3co1x,t1_fnqip0k,"fake news

",fake news
t3_g3bklh,t1_fnqo944,It's an absolute falsehood that we could not log in from home and be doing this from home.,It 's falsehood
t3_g3bcvq,t1_fnq9zw7,Slightly misleading title.,misleading title
t3_g3b83n,t1_fnqmx7f,2nd amendment bullshit during a pandemic.  ,bullshit
t3_g3b26w,t1_fnq8osm,Bullshit.,Bullshit
t3_g39c0a,t1_fnpybc9,Ye sounds like bullshit to me.,sounds like bullshit
t3_g39c0a,t1_fnpybc9,*bullshit,bullshit
t3_g394vz,t1_fnq4tdz,This title is so misleading.,title is misleading
t3_g38t8p,t1_fnpvlpm,The title of the article is misleading.,title is misleading
t3_g38fi1,t1_fnprxoc,Bullshit.,Bullshit
t3_g36von,t1_fnpiogi,The WE article is bullshit.,article is bullshit
t3_g3654z,t1_fnpeflj,"More religious bullshit!
",bullshit
t3_g35wqw,t1_fnpc5xo,Fake news.,fake news
t3_g34g6b,t1_fnp2ww6,Fake news.,fake news
t3_g33fj8,t1_fnozs2j,"Misleading title, which does no good in fighting misleading news channels.

",misleading title
t3_g331n9,t1_fnp6jyb,Bullshit.,Bullshit
t3_g31dzm,t1_fnoqwd0,"This is a little misleading, as the CDC now wants both confirmed and suspected cases reported as causes of death... which is the right thing to do here although all the old data now gets skewed artificially low.",This is misleading
t3_g31dzm,t1_fnonyra,"TG1rdpVkALE&list=PLWmV_rrTAPomCc07VZTxr7b6EEqjoWSZo&index=2&t=185s)


Video 3 - Fake news and misinformation and inability to take responsibility.

",fake news
t3_g31dzm,t1_fnonyra,Fake news and misinformation: [0:10](https://www.youtube.com/,fake news
t3_g2zjs3,t1_fnogctg,FAKE NEWS,fake news
t3_g2ygcd,t1_fnod5po,Bullshit.,Bullshit
t3_g2w6x7,t1_fnnwz5o,It's pretty much bullshit.,It 's bullshit
t3_g2vi7m,t1_fnnsf3u,Fake news,fake news
t3_g2vh2s,t1_fnnw07t,Bullshit,Bullshit
t3_g2vc8h,t1_fnnrv2f,"Utter bullshit.

",bullshit
t3_g2ulm9,t1_fnnqg0u,False title.,false title
t3_g2ul23,t1_fnnom7s,bullshit as usual.,bullshit
t3_g2u4dq,t1_fnnuu8t,"Until then, fake news.",fake news
t3_g2tl7e,t1_fnnh15l,Bullshit.,Bullshit
t3_g2sxjo,t1_fnndhf1,"huh, so it was fake news?",it was fake news
t3_g2sc0e,t1_fnnjni8,"this is disinformation

",this is disinformation
t3_g2qtbz,t1_fnn7d87,Such fucking bullshit.,bullshit
t3_g2qkab,t1_fnmyf41,Bullshit!,Bullshit
t3_g2pwh8,t1_fnmufuc,This is misinformation in real time as it shows only *,This is misinformation
t3_g2psbh,t1_fnmtn04,This is misinformation in real time as it shows only *,This is misinformation
t3_g2oa0g,t1_fnmqqxp,This is misinformation in real time as it shows only *,This is misinformation
t3_g2mlea,t1_fnmcxk0,"OLD, FAKE NEWS

",fake news
t3_g2lqgd,t1_fnmeaa8,"Misleading title.

",misleading title
t3_g2lozs,t1_fnm6oth,"Ya, this is all fake news bullshit.  ",this is bullshit
t3_g2k4dc,t1_fnlvnzw,* DELIBERATELY MISLEADING TITLE,misleading title
t3_g2ivrt,t1_fnlxadj,This must be that fake news,This be fake news
t3_g2ijxd,t1_fnlph64,The title here is a bit misleading.,title is misleading
t3_g2ijc3,t1_fnlsgp0,Misleading title.,misleading title
t3_g2hmub,t1_fnlgyu8,Bullshit!,Bullshit
t3_g2h44x,t1_fnldw7y,"This is bullshit.

",This is bullshit
t3_g2fzv1,t1_fnl7c02,"[False news ](https://telanganatoday.com/no-segregation-on-basis-of-faith-at-ahmedabad-covid-19-hospital-doctor)

",false news
t3_g2fvyp,t1_fnl7rti,"well it's bullshit the entire time just to attack the orange man while downvoting or ignoring anything that calls them out.

",it 's bullshit
t3_g2fr9e,t1_fnl6h0x,"Clickbait bullshit

",bullshit
t3_g2eato,t1_fnlaxzg,FAKE NEWS!,fake news
t3_g2duxh,t1_fnkuv94,Fake news...,fake news
t3_g2dujf,t1_fnlczvf,Bullshit.,Bullshit
t3_g2clor,t1_fnkrzc5,Fake news.,fake news
t3_g2c732,t1_fnkljhi,Misleading article with a picture of pandas first.,misleading article
t3_g2bzlx,t1_fnkm8bc,"Maybe this is just fake news??!?

",this is fake news
t3_g2b029,t1_fnkfz9o,*BULLSHIT!,BULLSHIT
t3_g2ac99,t1_fnkcouf,Fake news,fake news
t3_g2a63c,t1_fnkc1g9,The title here is a bit misleading.,title is misleading
t3_g29nf7,t1_fnkaqz3,The title here is a bit misleading.,title is misleading
t3_g29cf5,t1_fnk7rm3,This article is bullshit and is fearmongering.,article is bullshit
t3_g29cf5,t1_fnk827i,Oh wow fake news.,fake news
t3_g290fi,t1_fnk5wzh,Fake news...,fake news
t3_g28vl5,t1_fnkbgbn,Article sounds like BS.,Article sounds like BS
t3_g28tzv,t1_fnk4o2v,"Bullshit .

",Bullshit
t3_g27y6j,t1_fnk55of,literally fake news,fake news
t3_g27gfx,t1_fnjx50m,Rebel media bullshit,bullshit
t3_g275vm,t1_fnk217z,It's just Trump bullshit.  ,It 's bullshit
t3_g26uiv,t1_fnjtt39,"This is bullshit, and Nancy Pelosi, Chuck Schumer, and now even Warren and Sanders each hold their own share of the responsibility just as much as Trump and McConnell and the rest of the fascists.",This is bullshit
t3_g26t55,t1_fnjszfw,"Propaganda bullshit.

",bullshit
t3_g25rg9,t1_fnjraql,Title is somewhat misleading.,Title is misleading
t3_g25ot7,t1_fnjm4xd,Sounds like bullshit to me,Sounds like bullshit
t3_g252iu,t1_fnjov6a,Bullshit.,Bullshit
t3_g24olc,t1_fnjfs3s,This whole article is bullshit by a shitty site.,article is bullshit
t3_g24mtb,t1_fnjflky,Bs,Bs
t3_g23hxz,t1_fnjabr6,"Bullshit.

https://en.wikipedia.org/wiki/World_Health_Organization%27s_Response_to_2019-20_coronavirus_pandemic#January_2020",Bullshit
t3_g23hxz,t1_fnja2gp,This is [such utter bullshit and propaganda. ],This is bullshit
t3_g23hxz,t1_fnja2gp,This is outright bullshit.,This is bullshit
t3_g23cnp,t1_fnj75zd,therefore it's fake news.,it 's fake news
t3_g238om,t1_fnj7688,Fake News,fake news
t3_g22btb,t1_fnja8s0,Misleading title.,misleading title
t3_g21177,t1_fnixcdq,"Bullshit.

",Bullshit
t3_g20tj7,t1_fnis71a,This is fake news trying to promote Bill Gates mass vaccination agenda.,This is fake news
t3_g20rpd,t1_fnivp0j,This sounds like total bullshit.,This sounds like bullshit
t3_g20gvw,t1_fniqnru,Sounds like bullshit,Sounds like bullshit
t3_g20ctb,t1_fnj2dm1,Disinformation.,Disinformation
t3_g20ctb,t1_fnj2dkd,This is 100% tinfoil hat conspiracy theory bullshit.  ,This is bullshit
t3_g1zrtq,t1_fnikx1h,Seems like fake news in a bot network of fake newspaper websites set up by outside foreign interests.,Seems like fake news
t3_g1z0sb,t1_fnis7uc,Trump playbook)...fake news!,fake news
t3_g1xuoo,t1_fnifnq4,This is bullshit.,This is bullshit
t3_g1x5k0,t1_fnifrj9,Bullshit.,Bullshit
t3_g1wysa,t1_fni3ce9,"""Fake news""

""Hee haw!""",fake news
t3_g1wxxp,t1_fni3kng,"This is bullshit on so many levels! 

",This is bullshit
t3_g1wwth,t1_fni8c4u,This is incredibly misleading.,This is misleading
t3_g1vokc,t1_fnhzdtk,Fake news!,fake news
t3_g1tj7o,t1_fnhj66v,"No BS, no theorizing",BS
t3_g1tclw,t1_fnhihzt,This is misleading.,This is misleading
t3_g1s7ea,t1_fnhf2rt,This is intentional cynical misinformation meant to maintain the unquestioned blind devotion of the hopelessly illogical and duplicitous MAGA hordes.,This is misinformation
t3_g1s1u7,t1_fnhp1a2,Fake news!,fake news
t3_g1rvnf,t1_fnhhx2z,Clickbait bullshit.  ,bullshit
t3_g1qz8g,t1_fnh735c,"""Fake News!",fake news
t3_g1qsmp,t1_fnhaed1,"This is soviet style command economy bullshit that has been the cause of millions of deaths throughout history, but hey tyrants gonna tyrant.",This is bullshit
t3_g1lluf,t1_fngdacx,Very misleading title.  ,misleading title
t3_g1l904,t1_fngf9tl,More BS still trying deflect the blame.,BS
t3_g1l77e,t1_fnggapz,*Fake News!!!,fake news
t3_g1jmji,t1_fng0ntv,Bullshit.,Bullshit
t3_g1j2xl,t1_fnfx3l4,Fake news.,fake news
t3_g1j2xl,t1_fnfx3l4,Fake source.,fake source
t3_g1ix3l,t1_fnfwa5r,That title is misleading (as always with this sub),title is misleading
t3_g1i17z,t1_fnfz4ur,Misleading title regarding Remdesivir,misleading title
t3_g1i17z,t1_fng1v1x,But the title is misleading.,title is misleading
t3_g1hazy,t1_fnfnq7x,Bullshit!,Bullshit
t3_g1g0vk,t1_fnfe25m,WHO bullshit and disinfo.,bullshit
t3_g1fvy9,t1_fnfc7sw,The fear-mongering echo chamber bullshit that this sub radiates is thankfully come to an end.,bullshit
t3_g1f7rn,t1_fnf9q47,The headline is a bit misleading.,headline is misleading
t3_g1eu32,t1_fnfk6m7,This is fake news.,This is fake news
t3_g1ci44,t1_fnf6qih,Bullshit,Bullshit
t3_g1c0re,t1_fnex2a2,Fake news from the right trying to get the economy going,fake news
t3_g1btca,t1_fnepe72,"The title, and the way the article is written, is really misleading.",title is misleading
t3_g1bh6t,t1_fnek1dd,Fake news by Bezos,fake news
t3_g1begb,t1_fnev761,It's a misleading title....,It 's misleading title
t3_g1b8xa,t1_fneqog1,This was obvious fake news from the start.  ,This was fake news
t3_g1arzo,t1_fneg2fa,Fake news as usual,fake news
t3_g195eu,t1_fne7vy7,*fake news,fake news
t3_g195eu,t1_fne7vy7,Mostly Fake News,fake news
t3_g190wx,t1_fneevim,Fake news!,fake news
t3_g17rhq,t1_fne9og9,This article is both misleading and not even news.  ,article is misleading
t3_g16xmf,t1_fndrljb,Misleading title.,misleading title
t3_g15su0,t1_fndoxhn,Title is misleading.,Title is misleading
t3_g15ltm,t1_fndjeqp,This is BS.,This is BS
t3_g14cs6,t1_fndkzei,but it's all bullshit,it 's bullshit
t3_g13cvw,t1_fnd9jyx,This is bs.,This is bs
t3_g132iq,t1_fnd9koj,Bullshit.,Bullshit
t3_g12i9d,t1_fnd5ncf,"Very misleading title by Reuters.

",misleading title
t3_g11v41,t1_fnd04es,Gosh this is such bullshit.,this is bullshit
t3_g0ytop,t1_fnck4fd,This article seems like bs.,article seems like bs
t3_g0usvv,t1_fnbzg7m,FAKE NEWS!!!,fake news
t3_g0umld,t1_fnbxezp,Is this a fake news?,this Is fake news
t3_g0rygr,t1_fnbh2zd,"Mainstream media - clickbait bullshit and lies

",bullshit
t3_g0r7nt,t1_fnb7sd1,This is misleading.,This is misleading
t3_g0qixw,t1_fnbg9uc,Misleading title.,misleading title
t3_g0p0do,t1_fnaxpx4,Bullshit.,Bullshit
t3_g0oze5,t1_fnaw5t9,"Some weakman authoritarian-wannabe bullshit right here, everyone.  ",bullshit
t3_g0o4zh,t1_fnazey3,"Bullshit.

",Bullshit
t3_g0n7zi,t1_fnaktb4,This is utter bs when we still have a POTUS who just last week confused coronavirus with bacteria that is so exceptional that itâ€™s resisted antibiotics.,This is bs
t3_g0ms8p,t1_fnagjl4,Bullshit.,Bullshit
t3_g0mfqw,t1_fnaea3a,"It is bullshit that I, and many others, are out risking our lives for a paycheck and to help keep the country going yet many of us are getting paid less than people collecting unemployment due to the +600 additional unemployment benefits per week. 

",It is bullshit
t3_g0m2k4,t1_fnar9kw,EVEN MORE bullshit out of China.  ,bullshit
t3_g0ly9b,t1_fnab8q2,Bullshit.,Bullshit
t3_g0kpbg,t1_fna4blj,Misleading title.,misleading title
t3_g0kavb,t1_fna3b55,"Bullshit.

",Bullshit
t3_g0j95q,t1_fna85iw,Misleading title.,misleading title
t3_g0hg0y,t1_fn9nyiq,Looks like BS unless additional information.,Looks like BS
t3_g0f5mj,t1_fn9e436,Bullshit source.,bullshit source
t3_g0e80h,t1_fn98koh,fake news,fake news
t3_g0c7pm,t1_fn8yb4i,The headline is slightly misleading.,headline is misleading
t3_g0bmxx,t1_fn8vgca,BS.,BS
t3_g0aom4,t1_fn8w777,"â€œFake News!â€

",fake news
t3_g0ag1r,t1_fn8xera,More fake news taking the retweet out of context.  ,fake news
t3_g0ag1r,t1_fn8yhev,Sorry Fake News,fake news
t3_g099q3,t1_fn8mda7,this is bullshit a few newborns died and that site shows 0 deaths,this is bullshit
t3_g091ri,t1_fn8josh,Seems like BS.  ,Seems like BS
t3_g0759p,t1_fn8a2bv,", that doesn't mean it's ""fake news"".",it 's fake news
t3_g074o3,t1_fn85s4b,This is misleading.,This is misleading
t3_g06p1p,t1_fn88d1c,"TG1rdpVkALE&list=PLWmV_rrTAPomCc07VZTxr7b6EEqjoWSZo&index=2&t=185s)


Video 3 - Fake news and misinformation and inability to take responsibility.

",fake news
t3_g06p1p,t1_fn88d1c,Fake news and misinformation: [0:10](https://www.youtube.com/,fake news
t3_g06lk7,t1_fn87k90,What a bullshit .,bullshit
t3_g06ill,t1_fn89i1q,Fake news: Trump has no friends.,fake news
t3_g06ill,t1_fn8c205,Fake news!,fake news
t3_g05umk,t1_fn7x25s,Bullshit.,Bullshit
t3_g05umk,t1_fn7y2zn,Speculative bullshit.,bullshit
t3_g05rdk,t1_fn7wdf3,Finally a non misleading title.,misleading title
t3_g04z66,t1_fn7rmer,This is bullshit.,This is bullshit
t3_g02md6,t1_fn7lxci,"Good, less misinformation from the imbecile King.",misinformation
t3_g01yu2,t1_fn7izbw,"bullshit they did.

",bullshit
t3_g01rd5,t1_fn7dkoj,But the price haggling and finance BS.,BS
t3_g01c3f,t1_fn7a7f8,The title is misleading but still a good read,title is misleading
t3_g0093x,t1_fn71fp7,Your edited title is misleading,title is misleading
t3_fzzxdd,t1_fn6ygz8,Fake news.,fake news
t3_fzzxdd,t1_fn71esw,Total bullshit fake news but,bullshit news
t3_fzzayb,t1_fn7084a,FAKE NEWS,fake news
t3_fzz4i5,t1_fn6tojr,Bullshit.,Bullshit
t3_fzyyzz,t1_fn6vgcg,Such utter bullshit,bullshit
t3_fzxpo3,t1_fn6ue92,"Now that title is just horribly misleading. 

",title is misleading
t3_fzxaae,t1_fn6o9vl,It must be fake news.,It be fake news
t3_fzx718,t1_fn6mk6d,bs,bs
t3_fzwrjf,t1_fn6i4jo,Your title is misleading and the sun is basically a tabloid.,title is misleading
t3_fzwgnn,t1_fn6fg26,"TG1rdpVkALE&list=PLWmV_rrTAPomCc07VZTxr7b6EEqjoWSZo&index=2&t=185s)


Video 3 - Fake news and misinformation and inability to take responsibility.

",fake news
t3_fzwgnn,t1_fn6fg26,Fake news and misinformation: [0:10](https://www.youtube.com/,fake news
t3_fzvyct,t1_fn6cv7q,"TG1rdpVkALE&list=PLWmV_rrTAPomCc07VZTxr7b6EEqjoWSZo&index=2&t=185s)


Video 3 - Fake news and misinformation and inability to take responsibility.

",fake news
t3_fzvyct,t1_fn6cv7q,Fake news and misinformation: [0:10](https://www.youtube.com/,fake news
t3_fzvldi,t1_fn6able,Sounds like bullshit to me..,Sounds like bullshit
t3_fzt3u6,t1_fn650k1,The title is really misleading.,title is misleading
t3_fzsvi4,t1_fn63fdm,Apparently this post title is misleading even though it has been copied directly from the article,title is misleading
t3_fzr7az,t1_fn5ph08,Bullshit.,Bullshit
t3_fzqqx1,t1_fn5n0m4,Complete bullshit,bullshit
t3_fzqqx1,t1_fn5mqg6,Lol bullshit ok.,bullshit
t3_fzpgvx,t1_fn5fsau,Fake news,fake news
t3_fzpaa1,t1_fn5fue7,It's a fabrication.,It 's fabrication
t3_fzo9l4,t1_fn59i8g,"This is the silliest fake news I've ever seen on reddit.

",This is fake news
t3_fznn9n,t1_fn54v83,Bullshit,Bullshit
t3_fznn9n,t1_fn553rk,"From the article, that headline is misleading.",headline is misleading
t3_fzlik7,t1_fn4v1b4,"This is fake news

https://www.thoracic.org/professionals/clinical-resources/disease-related-resources/covid-19-guidance.pdf",This is fake news
t3_fzlddx,t1_fn4rukt,Absolute bullshit.,bullshit
t3_fzlc2u,t1_fn4ypkz,"Enormous BS, even to the point of ridiculousness.",BS
t3_fzj2xz,t1_fn4e2xc,This was political slander bs and was taken completely out of context.,This was bs
t3_fzhiu7,t1_fn4bu76,Propaganda bullshit from Cuba.  ,bullshit
t3_fzgehe,t1_fn49qpe,Bullshit.,Bullshit
t3_fzecja,t1_fn43ic5,Sounds like bullshit.,Sounds like bullshit
t3_fzeasx,t1_fn466ba,It's bullshit.,It 's bullshit
t3_fze3sc,t1_fn40wsf,This article is bullshit,article is bullshit
t3_fzadx0,t1_fn42rhw,This article is so misleading.,article is misleading
t3_fz9ubq,t1_fn42bga,"This headline is quite misleading.

",headline is misleading
t3_fz8y14,t1_fn3na20,Yeah BULLSHIT...,BULLSHIT
t3_fz7rzk,t1_fn3fl5y,Very misleading title.,misleading title
t3_fz6r6b,t1_fn3bbik,Itâ€™s all bullshit,bullshit
t3_fz6r6b,t1_fn3kaw9,Bullshit.,Bullshit
t3_fz5z45,t1_fn36yf9,"The title is misleading, implying she lost the custody for ever.",title is misleading
t3_fz5z45,t1_fn38800,What a misleading title.,misleading title
t3_fz4bz8,t1_fn3byt6,This is some Chernobyl level bullshit.,This is bullshit
t3_fz3wj3,t1_fn2y3n7,"LoGiC level bullshit.

",bullshit
t3_fz3wj3,t1_fn2yuka,"Pathetic, bullshit hit-job article that proves, once again, the Nazi wing of the American political spectrum is scared to death of a smart, young, attractive, well-spoken, well-educated woman who will not suck their dicks.",bullshit article
t3_fz3of3,t1_fn32azj,Misleading title.,misleading title
t3_fyz55g,t1_fn2n5rh,"""Disinformation""",Disinformation
t3_fyz08o,t1_fn2iwjj,This is dangerous bullshit.,This is bullshit
t3_fyxo1e,t1_fn2egq4,"this is the same fucking bullshit after 9/11

",this is bullshit
t3_fyxck4,t1_fn2kolk,Bullshit.,Bullshit
t3_fyw2vb,t1_fn2aa8y,Fake News,fake news
t3_fyr0qy,t1_fn1enec,Bullshit.,Bullshit
t3_fyr0qy,t1_fn1gn9f,This is bullshit.,This is bullshit
t3_fyq8gu,t1_fn1ci6h,bullshit from the Hoover institution.,bullshit
t3_fypo4q,t1_fn18pay,This title is misleading.,title is misleading
t3_fyplee,t1_fn1g21j,"*fake news"".",fake news
t3_fypeof,t1_fn18j0u,Fake news.  ,fake news
t3_fyl54h,t1_fn0jpec,Fake News,fake news
t3_fykr91,t1_fn0rx4o,This article is misleading.,article is misleading
t3_fyjxcg,t1_fn0bjb5,Same BS...,BS
t3_fyjwxu,t1_fn0tvio,Fake news!,fake news
t3_fyjwxu,t1_fn0u14n,"""Fake News!""

",fake news
t3_fyijm4,t1_fn04avy,Misleading title.,misleading title
t3_fyhqp9,t1_fmzyp4b,This is BS.,This is BS
t3_fyhqp9,t1_fmzzvad,This is BS.,This is BS
t3_fygv4l,t1_fmzu5mc,Hard right leaning bullshit.,bullshit
t3_fyg3oh,t1_fmzttwg,Fake News,fake news
t3_fyfxi1,t1_fmzoltu,BS.,BS
t3_fyfxi1,t1_fmzpa4d,This is bullshit.,This is bullshit
t3_fyfb13,t1_fmzob0h,So... this must be fake news.,this be fake news
t3_fyf0ia,t1_fmzj48r,Total bullshit.,bullshit
t3_fyex4p,t1_fmzu5xc,So your headline is misleading.,headline is misleading
t3_fyeq33,t1_fmzt8zw,#fake news,fake news
t3_fyecqx,t1_fmzlvn5,Bullshit!,Bullshit
t3_fydui8,t1_fmzp5fi,More fake news from CNN,fake news
t3_fyanjm,t1_fmz2owf,"The articleâ€™s headline is a bit misleading.

",article is misleading
t3_fy9re6,t1_fmz1oxn,This is pure bullshit.,This is bullshit
t3_fy9re6,t1_fmyzwvy,This is a total bullshit.  ,This is bullshit
t3_fy9re6,t1_fmyyami,Click-bate Fake News.,fake news
t3_fy8cua,t1_fmywvcb,Headline is misleading,Headline is misleading
t3_fy719b,t1_fmyl61z,Fucking bullshit.,bullshit
t3_fy6qb8,t1_fmyiv2u,Fake news,fake news
t3_fy658c,t1_fmygduz,This is fake news.,This is fake news
t3_fy4hak,t1_fmy9566,This article is intentionally misleading and likely a complete fabrication.,article is misleading
t3_fy40v3,t1_fmyi7vm,THIS IS BULLSHIT!!!   ,THIS IS BULLSHIT
t3_fy40v3,t1_fmyi7vm,THIS IS BULLSHIT!!!,THIS IS BULLSHIT
t3_fy3rwx,t1_fmyc4no,This is bullshit.,This is bullshit
t3_fy2h6b,t1_fmxxbhw,Fake news !!!   ,fake news
t3_fy28ss,t1_fmxzpk7,"TG1rdpVkALE&list=PLWmV_rrTAPomCc07VZTxr7b6EEqjoWSZo&index=2&t=185s)


Video 3 - Fake news and misinformation and inability to take responsibility.

",fake news
t3_fy28ss,t1_fmxzpk7,Fake news and misinformation: [0:10](https://www.youtube.com/,fake news
t3_fy1u9m,t1_fmxsy9q,Fake news.,fake news
t3_fy0rg3,t1_fmxkuhu,*fake news,fake news
t3_fy0o4q,t1_fmxw26j,"bullshit.  

",bullshit
t3_fy083h,t1_fmxhfyh,"In before DJT calls the Wall Street Journal ""nasty"", ""fake news"", ""failing"" or whatever his favorite grade-school taunt is this week.",fake news
t3_fxzyjt,t1_fmxfi3z,Bullshit,Bullshit
t3_fxyna6,t1_fmx89ft,This is slightly misleading.,This is misleading
t3_fxyarz,t1_fmx6pvk,The title is very misleading.,title is misleading
t3_fxy148,t1_fmx8lkr,"This is misinformation.

",This is misinformation
t3_fxwxe7,t1_fmwws29,Fake lib news,fake news
t3_fxuv88,t1_fmwjpiy,so this could be complete BS that I'm talking about ðŸ™‚,this be BS
t3_fxu5ex,t1_fmwfz3i,That whole 1300 new cases 130 new deaths everyday sounds like BS.,sounds like BS
t3_fxtba4,t1_fmw9k02,"""All fake news, folks!",fake news
t3_ftriqb,t1_fmb2its,This is pure propaganda bullshit and you drank it up.,This is bullshit
t3_ftriqb,t1_fmajzcy,1st Misinformation.,Misinformation
t3_ft6d82,t1_fm58rkb,Bullshit.,Bullshit
t3_ft4w74,t1_fm56kvk,This is BS.,This is BS
t3_ft2onn,t1_fm4omya,This sounds BS.,This sounds BS
t3_ft2bry,t1_fm4y2ie,"It was bullshit, though.

",It was bullshit
t3_ft1vne,t1_fm4kkhk,Title feels misleading.,Title feels misleading
t3_ft1bo9,t1_fm4r2fg,No bullshit.,bullshit
t3_ft1bo9,t1_fm4foxg,After that MyPillow guy bullshit absolutely.,bullshit
t3_ft1ae8,t1_fm4tvwh,BS.,BS
t3_ft1ae8,t1_fm4uvbg,"Bullshit

",Bullshit
t3_ft0x85,t1_fm4eacy,More misinformation from the Cult of lunatics.,misinformation
t3_ft0qba,t1_fm4qok4,This could be a misleading title..,This be misleading title
t3_ft0oo1,t1_fm4pfih,Fake News.,fake news
t3_fszsj9,t1_fm487pa,Almost bs.,bs
t3_fsz46f,t1_fm45vbq,Fake news.  ,fake news
t3_fsyayn,t1_fm3zqk9,Title is a bit misleading.,Title is misleading
t3_fsy9pw,t1_fm44bre,"Fucking bullshit.

",bullshit
t3_fsy346,t1_fm3y3z9,fake news.,fake news
t3_fsxncy,t1_fm3ztue,Hahaha fake news by Bollywood media news.,fake news
t3_fsx580,t1_fm3z71q,"This is misleading.

",This is misleading
t3_fswhky,t1_fm3u7o1,Bullshit.,Bullshit
t3_fsw89w,t1_fm3u51u,Fake news.,fake news
t3_fsvzt4,t1_fm3q8ad,This is fake news.,This is fake news
t3_fsvf8q,t1_fm3rkh6,misleading title?,misleading title
t3_fsvduz,t1_fm3m4b9,Fake news \~,fake news
t3_fsv54e,t1_fm3ks0x,"Title is  rather misleading.

",Title is misleading
t3_fsuqhn,t1_fm3k9ja,Misleading article.,misleading article
t3_fsukqd,t1_fm3ixb1,"The title of this post is a little misleading...from the article:

>",title is misleading
t3_fstcwb,t1_fm3g0ap,Thatâ€™s absolute bullshit.,bullshit
t3_fsta7w,t1_fm3cgoo,Bullshit with a capital,Bullshit
t3_fsrxzf,t1_fm34oow,Fake news,fake news
t3_fsrenb,t1_fm33614,What a misleading article.,misleading article
t3_fsraus,t1_fm386rd,Headline is incredibly misleading.,Headline is misleading
t3_fsqj6u,t1_fm31b85,Bullshit.,Bullshit
t3_fsqj6u,t1_fm309up,Bullshit.  ,Bullshit
